FirstName,LastName,Email,ID
Nick,Kuchimanchi,Nick.Kuchimanchi@yahoo.com,2342
Barry,French,Barry.French@yahoo.com,1231
Clay,Rozendal,Clay.Rozendal@yahoo.com,6785
Carlos,Soltero,Carlos.Soltero@yahoo.com,1242
Carl,Jackson,Carl.Jackson@yahoo.com,3456
Monica,Federle,Monica.Federle@yahoo.com,6784
Dorothy,Badders,Dorothy.Badders@yahoo.com,9283
Sylvia,Foulston,Sylvia.Foulston@yahoo.com,2348
Jim,Radford,Jim.Radford@yahoo.com,5237
